{"known_weight_in_gram": 170.0, "base_value": 32151.960000000003, "known_weight_diff": 16042.639999999989}