{"known_weight_in_gram": 170.0, "base_value": 68386.41500000004, "known_weight_diff": 15992.289999999979}