{"known_weight_in_gram": 170.0, "base_value": 70842.52000000003, "known_weight_diff": 16274.789999999935}