{"known_weight_in_gram": 207.0, "base_value": 32510.199999999986, "known_weight_diff": 18607.066666666684}