{"known_weight_in_gram": 170.0, "base_value": 70399.55000000009, "known_weight_diff": 16362.139999999767}